{"bbr": {"1": {"1": {"delay": 19.701, "loss": 0.0004344466366299482, "tput": 11.976313610224445}, "all": {"delay": 19.701, "loss": 0.0004344466366299482, "tput": 11.976313610224445}}}, "reno": {"1": {"1": {"delay": 1646.879, "loss": 0.03603597811481363, "tput": 11.998577142598773}, "all": {"delay": 1646.879, "loss": 0.03603597811481363, "tput": 11.998577142598773}}}, "cubic": {"1": {"1": {"delay": 1686.347, "loss": 0.032634611910012934, "tput": 11.998286304862042}, "all": {"delay": 1686.347, "loss": 0.032634611910012934, "tput": 11.998286304862042}}}}