{"reno": {"1": {"1": {"delay": 1517.39, "loss": 0.0634720390152751, "tput": 0.4539348012612027}, "all": {"delay": 1517.39, "loss": 0.0634720390152751, "tput": 0.4539348012612027}}}, "cubic": {"1": {"1": {"delay": 1518.208, "loss": 0.15985786518945344, "tput": 0.6460600372782699}, "all": {"delay": 1518.208, "loss": 0.15985786518945344, "tput": 0.6460600372782699}}}}