{"reno": {"1": {"1": {"delay": 1666.295, "loss": 0.0345807325517129, "tput": 11.999294592856817}, "all": {"delay": 1666.295, "loss": 0.0345807325517129, "tput": 11.999294592856817}}}, "cubic": {"1": {"1": {"delay": 1732.821, "loss": 0.03343746993207264, "tput": 11.998874008991317}, "all": {"delay": 1732.821, "loss": 0.03343746993207264, "tput": 11.998874008991317}}}}