{"reno": {"1": {"1": {"delay": 9104.47, "loss": 0.3184140812670714, "tput": 0.5299111935816846}, "all": {"delay": 9104.47, "loss": 0.3184140812670714, "tput": 0.5299111935816846}}}, "cubic": {"1": {"1": {"delay": 9102.108, "loss": 0.25394067445392, "tput": 0.5356605840863828}, "all": {"delay": 9102.108, "loss": 0.25394067445392, "tput": 0.5356605840863828}}}}