{"bbr": {"1": {"1": {"delay": 7128.29, "loss": 0.17967393708012536, "tput": 0.3623174959900703}, "all": {"delay": 7128.29, "loss": 0.17967393708012536, "tput": 0.3623174959900703}}}, "reno": {"1": {"1": {"delay": 9104.827, "loss": 0.32483990096486537, "tput": 0.5368314536830505}, "all": {"delay": 9104.827, "loss": 0.32483990096486537, "tput": 0.5368314536830505}}}, "cubic": {"1": {"1": {"delay": 9105.204, "loss": 0.2640505684253621, "tput": 0.5368028463530553}, "all": {"delay": 9105.204, "loss": 0.2640505684253621, "tput": 0.5368028463530553}}}}