{"bbr": {"1": {"1": {"delay": 1490.599, "loss": 0.10755343812490537, "tput": 0.36761464985789477}, "all": {"delay": 1490.599, "loss": 0.10755343812490537, "tput": 0.36761464985789477}}}, "reno": {"1": {"1": {"delay": 1514.983, "loss": 0.16314546197902657, "tput": 0.261968408104618}, "all": {"delay": 1514.983, "loss": 0.16314546197902657, "tput": 0.261968408104618}}}, "cubic": {"1": {"1": {"delay": 1522.285, "loss": 0.16565818119210463, "tput": 0.4028273829207825}, "all": {"delay": 1522.285, "loss": 0.16565818119210463, "tput": 0.4028273829207825}}}}